{"cameraMode":{"drawMode":0,"name":"Shaded","section":"Shading Mode"},"sceneLighting":false,"audioPlay":false,"sceneViewState":{"m_AlwaysRefresh":false,"showFog":true,"showSkybox":false,"showFlares":true,"showImageEffects":true,"showParticleSystems":true,"showVisualEffectGraphs":true,"m_FxEnabled":true},"in2DMode":false,"pivot":{"x":0.050513774156570438,"y":0.17996130883693696,"z":0.03299662843346596},"rotation":{"x":-0.13536755740642548,"y":-0.5246997475624085,"z":0.08494491875171662,"w":-0.8361538052558899},"size":0.9049965143203735,"orthographic":false}